City_ID,City,Lat,Lng,Max Temp,Humidity,Cloudiness,Wind Speed,Country,Date
0,happy valley-goose bay,53.3168,-60.3315,32.31,37,75,16.11,CA,1744234186
1,kodiak,57.79,-152.4072,36.91,52,0,6.91,US,1744234187
2,vorgashor,67.5833,63.95,20.71,79,100,18.48,RU,1744234189
3,kyaikkami,16.08,97.5675,84.47,71,100,6.46,MM,1744234190
4,papatowai,-46.5619,169.4708,52.72,75,22,6.06,NZ,1744234192
5,ilulissat,69.2167,-51.1,28.42,93,100,12.66,GL,1744234193
6,tommot,58.9564,126.2925,20.55,95,100,6.91,RU,1744234195
7,lijiang,26.8688,100.2207,45.3,82,0,4.85,CN,1744234196
8,jamestown,42.097,-79.2353,42.03,47,75,5.75,US,1744234067
9,qaqortoq,60.7167,-46.0333,30.79,84,100,4.88,GL,1744234199
10,waiuku,-37.25,174.75,60.46,56,17,3.71,NZ,1744234200
11,grytviken,-54.2811,-36.5092,43.65,81,32,6.29,GS,1744234201
12,praia da vitoria,38.7333,-27.0667,59.25,82,75,16.93,PT,1744234202
13,bilibino,68.0546,166.4372,12.29,89,77,4.03,RU,1744234204
14,bredasdorp,-34.5322,20.0403,62.37,87,49,4.12,ZA,1744234205
15,talnakh,69.4865,88.3972,-12.68,95,68,5.91,RU,1744234206
16,namibe,-15.1961,12.1522,70.7,78,15,6.78,AO,1744234207
17,waitangi,-43.9535,-176.5597,56.82,86,74,5.01,NZ,1744234208
18,inirida,3.8653,-67.9239,79.61,92,98,1.1,CO,1744234209
19,nuuk,64.1835,-51.7216,32.61,74,75,8.99,GL,1744234211
20,tual,-5.6667,132.75,83.39,75,100,13.18,ID,1744234212
21,karaidel',55.8337,56.9069,34.27,93,100,4.54,RU,1744234214
22,georgetown,5.4112,100.3354,80.53,83,20,2.3,MY,1744234215
23,qarazhal,48.0078,70.7903,52.11,62,58,8.23,KZ,1744234217
24,hovd,48.0056,91.6419,40.57,66,98,1.01,MN,1744234218
25,burao,9.5221,45.5336,70.39,24,75,8.14,SO,1744234219
26,chelak,39.9203,66.8611,57.96,62,10,8.32,UZ,1744234220
27,itapirapua,-15.8233,-50.6133,79.9,66,100,0.56,BR,1744234222
28,keflavik,64.0049,-22.5624,48.63,100,100,18.41,IS,1744234223
29,tolanaro,-25.0319,46.9987,73.44,90,7,4.09,MG,1744234224
30,edinburgh of the seven seas,-37.0676,-12.3116,64.89,90,9,12.75,SH,1744234226
31,bethel,41.3712,-73.414,49.01,28,0,4.0,US,1744234038
32,kenai,60.5544,-151.2583,37.49,74,40,9.22,US,1744234228
33,yellowknife,62.456,-114.3525,39.72,70,75,6.91,CA,1744233937
34,mugia,43.1041,-9.2179,59.92,77,3,14.27,ES,1744234231
35,chumphon,10.3333,98.8333,73.08,95,100,0.58,TH,1744234232
36,adamstown,-25.066,-130.1015,73.69,69,40,8.57,PN,1744234236
37,bo phloi,14.3236,99.5161,81.27,77,100,2.51,TH,1744234237
38,gadzhiyevo,69.2551,33.3362,21.65,83,100,28.05,RU,1744234238
39,shushenskoye,53.325,91.9356,30.99,85,100,7.96,RU,1744234240
40,khandyga,62.6667,135.6,27.64,89,100,3.74,RU,1744234241
41,avarua,-21.2078,-159.775,84.25,74,20,11.5,CK,1744234102
42,waat,51.1454,6.4958,47.98,76,57,11.5,DE,1744234245
43,luuq,3.7938,42.5445,83.5,63,34,16.02,SO,1744234246
44,selibaby,15.159,-12.1829,94.26,19,20,1.99,MR,1744234248
45,yambio,4.5721,28.3955,75.45,58,64,0.51,SS,1744234251
46,zyryanovsk,49.7386,84.2719,35.47,99,100,1.07,KZ,1744234252
47,haiku-pauwela,20.9219,-156.3051,79.25,72,40,17.27,US,1744234254
48,port-aux-francais,-49.35,70.2167,40.03,66,7,22.88,TF,1744234256
49,pendleton,45.6721,-118.7886,64.0,53,0,9.22,US,1744234257
50,saldanha,-33.0117,17.9442,62.31,93,23,6.98,ZA,1744234258
51,aparecida de goiania,-16.8233,-49.2439,76.06,73,90,2.48,BR,1744234259
52,margaret river,-33.95,115.0667,63.7,67,97,3.78,AU,1744234261
53,saint-joseph,-21.3667,55.6167,77.38,81,26,1.25,RE,1744234262
54,lihue,21.9789,-159.3672,71.74,83,100,17.27,US,1744234263
55,vangaindrano,-23.35,47.6,74.43,92,70,2.91,MG,1744234264
56,rotonda west,26.8837,-82.2901,80.98,60,0,14.97,US,1744234023
57,glace bay,46.1969,-59.957,37.96,68,75,14.97,CA,1744234267
58,afaahiti,-17.75,-149.2833,80.06,66,100,19.55,PF,1744234268
59,badger,64.8,-147.5333,27.0,68,75,3.44,US,1744234270
60,whitehorse,60.7161,-135.0538,41.77,38,75,10.36,CA,1744234076
61,fortaleza,-3.7227,-38.5247,83.21,78,20,10.36,BR,1744234031
62,sangin,32.0728,64.8359,70.86,25,45,8.37,AF,1744234274
63,port saint john's,-31.6229,29.5448,69.42,80,26,16.73,ZA,1744234275
64,buk,52.3553,16.5196,47.1,66,100,17.09,PL,1744234277
65,stanley,54.868,-1.6985,42.82,81,75,3.44,GB,1744234278
66,new norfolk,-42.7826,147.0587,56.71,75,29,3.62,AU,1744234280
67,puerto natales,-51.7236,-72.4875,55.85,58,75,18.41,CL,1744234282
68,taltal,-25.4,-70.4833,65.46,77,86,4.18,CL,1744234283
69,tadine,-21.55,167.8833,76.05,85,100,14.41,NC,1744234285
70,papao,-17.75,-149.55,85.68,70,100,21.07,PF,1744234287
71,lautoka,-17.6167,177.4667,84.06,70,40,3.44,FJ,1744234289
72,cocieri,47.3075,29.1103,35.26,62,74,5.53,MD,1744234291
73,olonkinbyen,70.9221,-8.7187,27.27,96,100,17.92,SJ,1744234294
74,iqaluit,63.7506,-68.5145,24.53,62,100,18.41,CA,1744234091
75,ceres,37.5949,-120.9577,80.11,35,0,11.5,US,1744234296
76,sterling,39.0062,-77.4286,56.25,32,40,11.5,US,1744234132
77,saipan,15.1355,145.701,79.5,83,20,5.75,MP,1744234301
78,wailua homesteads,22.0669,-159.378,71.13,90,100,17.27,US,1744234302
79,port elizabeth,-33.918,25.5701,65.32,98,20,11.5,ZA,1744234187
80,longyearbyen,78.2186,15.6401,3.04,55,20,18.41,SJ,1744234305
81,yatou,37.15,122.3833,40.32,88,0,6.38,CN,1744234306
82,akjoujt,19.6969,-14.4164,79.52,30,0,13.2,MR,1744234307
83,sault ste. marie,46.5168,-84.3333,37.22,48,40,6.91,CA,1744234229
84,vilyuchinsk,52.9306,158.4028,32.27,86,62,2.86,RU,1744234310
85,ushuaia,-54.8,-68.3,51.46,71,40,21.85,AR,1744234121
86,chos malal,-37.3781,-70.2709,73.47,23,74,2.93,AR,1744234312
87,invercargill,-46.4,168.35,55.02,80,23,3.0,NZ,1744234313
88,ribeira grande,38.5167,-28.7,59.77,72,40,21.0,PT,1744234314
89,kalabo,-14.97,22.6814,72.23,74,58,2.08,ZM,1744234316
90,mount isa,-20.7333,139.5,62.37,94,0,5.75,AU,1744234317
91,punta arenas,-53.15,-70.9167,51.91,66,75,25.32,CL,1744234318
92,estacion coahuila,32.1939,-115.0017,94.8,8,1,12.5,MX,1744234319
93,vilanova i la geltru,41.2239,1.7251,60.24,100,34,4.23,ES,1744234320
94,robertsport,6.7533,-11.3686,81.57,85,56,7.43,LR,1744234322
95,sarupathar,26.1984,93.8094,75.88,56,80,2.55,IN,1744234323
96,anadyr,64.75,177.4833,5.5,65,0,4.47,RU,1744234324
97,college,64.8569,-147.8028,27.09,68,75,3.44,US,1744234326
98,el porvenir,13.7617,-87.3458,80.62,50,82,9.51,HN,1744234327
99,anshun,26.25,105.9333,56.3,97,77,2.37,CN,1744234205
100,yuzhno-kurilsk,44.0306,145.8556,36.97,97,100,4.29,RU,1744234330
101,mournies,35.4764,24.0092,68.07,100,40,3.44,GR,1744234332
102,hawaiian paradise park,19.5933,-154.9731,80.02,69,75,6.91,US,1744234333
103,soio,-6.1349,12.3689,78.35,84,86,12.15,AO,1744234334
104,tofol,5.3248,163.0078,82.67,80,38,15.1,FM,1744234336
105,mulayjah,27.271,48.4242,76.8,21,0,5.5,SA,1744234337
106,talagang,32.9297,72.4158,74.43,43,89,1.12,PK,1744234339
107,mount gambier,-37.8333,140.7667,59.25,48,52,7.74,AU,1744234340
108,rio grande,-32.035,-52.0986,68.88,91,39,24.43,BR,1744234181
109,aasiaat,68.7098,-52.8699,25.74,94,100,4.68,GL,1744234343
110,phan rang-thap cham,11.5667,108.9833,75.6,87,97,3.83,VN,1744234346
111,akureyri,65.6835,-18.0878,55.33,58,75,27.63,IS,1744234347
112,kindu,-2.95,25.95,72.52,89,98,1.57,CD,1744234348
113,shizunai-furukawacho,42.3339,142.3669,42.39,84,86,7.61,JP,1744234350
114,sitka,57.0531,-135.33,46.29,57,75,9.22,US,1744234351
115,bastia,42.6667,9.3333,53.02,91,75,3.44,FR,1744234352
116,quellon,-43.1167,-73.6167,52.75,93,97,8.5,CL,1744234354
117,codrington,-38.2667,141.9667,58.98,56,12,11.81,AU,1744234355
118,hithadhoo,-0.6,73.0833,77.76,89,100,20.22,MV,1744234357
119,amga,60.8953,131.9608,32.59,85,100,9.4,RU,1744234359
120,lagunas,-5.2269,-75.6753,74.77,95,100,2.64,PE,1744234360
121,nemuro,43.3236,145.575,38.82,86,45,7.11,JP,1744234361
122,albany,42.6001,-73.9662,43.57,39,89,4.0,US,1744234251
123,kurumkan,54.3,110.3,25.03,66,100,2.08,RU,1744234364
124,tingi,-11.3,35.0333,63.88,92,13,2.84,TZ,1744234366
125,concepcion,-36.827,-73.0498,60.6,67,75,8.05,CL,1744234352
126,puerto leguizamo,-0.1934,-74.7819,75.4,95,100,1.66,CO,1744234369
127,spring valley,36.108,-115.245,90.81,14,0,10.36,US,1744234371
128,plouzane,48.3833,-4.6167,48.25,86,0,12.66,FR,1744234372
129,santa terezinha,-29.9002,-50.0904,72.91,82,20,10.2,BR,1744234225
130,mega,4.05,38.3,61.25,83,46,5.5,ET,1744234375
131,klyuchi,52.2667,79.1667,44.2,75,3,4.21,RU,1744234377
132,salalah,17.0151,54.0924,80.69,89,20,0.0,OM,1744234378
133,ust-nera,64.5667,143.2,20.97,95,100,4.5,RU,1744234380
134,tazovsky,67.4667,78.7,1.36,91,43,10.92,RU,1744234383
135,gamba,-2.65,10.0,79.18,86,71,8.08,GA,1744234384
136,puerto san jose,13.9256,-90.8244,91.09,55,73,15.64,GT,1744234387
137,fuglafjordur,62.244,-6.814,45.1,88,3,6.31,FO,1744234388
138,hermanus,-34.4187,19.2345,61.81,86,31,7.38,ZA,1744234390
139,eirunepe,-6.6603,-69.8736,81.07,82,99,2.24,BR,1744234391
140,portland,45.5234,-122.6762,65.95,61,75,4.61,US,1744234392
141,bayville,40.9106,-73.5621,49.55,29,0,5.99,US,1744234394
142,blackmans bay,-43.0167,147.3167,54.52,80,68,10.07,AU,1744234395
143,glubokoye,50.1456,82.3114,38.95,100,100,4.47,KZ,1744234396
144,tralee,52.2704,-9.7026,47.79,84,0,1.54,IE,1744234398
145,robore,-18.3333,-59.75,80.69,74,40,0.0,BO,1744234399
146,sydney,-33.8679,151.2073,63.7,90,0,4.61,AU,1744234202
147,rabigh,22.7986,39.0349,82.74,61,0,3.47,SA,1744234402
148,st. john's,47.5649,-52.7093,37.98,76,75,17.27,CA,1744234315
149,howrah,22.5892,88.3103,80.6,78,3,10.36,IN,1744234406
150,selkirk,50.1436,-96.8845,38.17,86,100,10.0,CA,1744234123
151,bikenibeu village,1.3673,173.1241,84.16,84,20,6.91,KI,1744234408
152,vadso,70.0744,29.7487,15.96,79,20,21.85,NO,1744234409
153,vila velha,-20.3297,-40.2925,80.55,90,75,8.05,BR,1744234411
154,thakhek,17.4103,104.8307,78.17,88,100,1.9,LA,1744234412
155,kedainiai,55.2883,23.9747,29.61,67,42,16.26,LT,1744234413
156,port mathurin,-19.6833,63.4167,80.28,74,79,10.6,MU,1744234415
157,ponta delgada,37.7333,-25.6667,59.72,82,75,14.97,PT,1744234416
158,kobelyaky,49.1489,34.1965,31.17,59,53,6.98,UA,1744234418
159,noumea,-22.2763,166.4572,81.0,99,77,6.15,NC,1744234419
160,uturoa,-16.7333,-151.4333,82.85,70,99,20.89,PF,1744234421
161,laguna,38.421,-121.4238,80.08,39,0,10.36,US,1744234422
162,at taj,24.2049,23.2857,60.75,32,0,14.97,LY,1744234423
163,tiksi,71.6872,128.8694,4.19,97,100,8.61,RU,1744234424
164,beledweyne,4.7358,45.2036,81.25,65,27,15.88,SO,1744234425
165,shulan,44.4167,126.95,47.08,59,13,15.26,CN,1744234427
166,tromso,69.6496,18.957,21.22,73,40,3.44,NO,1744234428
167,lubang,13.8584,120.124,80.33,79,60,13.38,PH,1744234429
168,nuriootpa,-34.4833,139.0,65.05,42,67,4.79,AU,1744234430
169,pinheiro machado,-31.5783,-53.3811,62.06,100,81,4.03,BR,1744234266
170,khovd,48.0056,91.6419,40.57,66,98,1.01,MN,1744234218
171,sayalkudi,9.1833,78.45,83.75,69,94,8.99,IN,1744234434
172,santa elena de uairen,4.6167,-61.1333,72.07,82,97,2.42,VE,1744234436
173,atafu village,-8.5421,-172.5159,82.24,76,73,5.19,TK,1744234437
174,opuwo,-18.0607,13.84,65.71,52,50,3.98,NA,1744234149
175,ocean shores,46.9737,-124.1563,59.45,66,20,8.05,US,1744234439
176,isafjordur,66.0755,-23.124,41.2,97,100,10.33,IS,1744234441
177,levuka,50.1834,-105.4011,60.53,36,75,20.71,CA,1744234442
178,robit,12.0167,39.6333,68.11,32,72,3.87,ET,1744234444
179,alofi,-19.0595,-169.9187,84.09,79,75,12.66,NU,1744234445
180,schuyler,42.4167,-76.883,44.08,36,82,4.0,US,1744234447
181,udachny,66.4167,112.4,-4.79,100,97,4.27,RU,1744234449
182,hamilton,39.1834,-84.5333,46.78,79,100,1.99,US,1744234185
183,annau,37.8876,58.516,63.9,52,0,4.61,TM,1744234453
184,north bend,43.4065,-124.2243,67.24,72,75,3.44,US,1744234454
185,castelli,-25.9468,-60.6195,69.73,59,0,6.64,AR,1744234455
186,narvik,68.4384,17.4272,23.81,87,100,6.42,NO,1744234457
187,borshchiv,48.8033,26.0435,33.04,84,100,9.51,UA,1744234458
188,puerto ayora,-0.7393,-90.3518,82.54,93,100,4.0,EC,1744234459
189,enewetak,11.3474,162.3373,81.25,79,21,20.54,MH,1744234461
190,ancud,-41.8697,-73.8203,53.53,93,100,9.04,CL,1744234424
191,taoudenni,22.6783,-3.9836,85.75,12,20,11.03,ML,1744234463
192,colares,38.7992,-9.4469,72.59,62,0,6.91,PT,1744234464
193,kingston,17.997,-76.7936,88.16,70,20,10.36,JM,1744234466
194,port alfred,-33.5906,26.891,65.17,91,8,5.01,ZA,1744234467
195,kerikeri,-35.2268,173.9474,59.92,89,29,5.12,NZ,1744234468
196,iwanai,42.9744,140.5089,47.19,70,100,4.12,JP,1744234470
197,la arena,-5.3466,-80.7109,86.99,46,100,12.26,PE,1744234472
198,yarmouth,41.7057,-70.2286,44.62,52,0,9.22,US,1744234474
199,rondonopolis,-16.4708,-54.6356,76.21,85,100,2.93,BR,1744234267
200,berezovyy,51.6667,135.7,35.82,76,34,3.94,RU,1744234477
201,kashary,49.04,41.0056,38.25,74,100,7.25,RU,1744234478
202,miles city,46.4083,-105.8406,61.77,21,75,20.71,US,1744234382
203,labrador city,52.9463,-66.9114,12.11,62,100,19.57,CA,1744234481
204,margate,51.3813,1.3862,44.87,77,9,3.0,GB,1744234482
205,west island,-12.1568,96.8225,82.38,83,75,16.11,CC,1744234484
206,kamloops,50.6665,-120.3192,57.74,45,75,10.36,CA,1744234485
207,leeton,-34.5667,146.4,62.1,49,98,1.77,AU,1744234487
208,dwarka,22.2394,68.9678,79.36,77,51,10.47,IN,1744234488
209,cuyo,10.8525,121.0086,82.44,77,100,4.16,PH,1744234489
210,viedma,-40.8135,-62.9967,63.57,69,98,17.74,AR,1744234491
211,dudinka,69.4058,86.1778,-9.44,98,95,7.18,RU,1744234493
212,la plata,-34.9215,-57.9545,67.05,78,92,13.02,AR,1744234372
213,nova sintra,14.8667,-24.7167,71.24,86,9,15.12,CV,1744234497
214,san rafael,-34.6177,-68.3301,71.65,42,87,13.87,AR,1744234261
215,biharamulo,-2.6319,31.3089,62.94,85,35,0.92,TZ,1744234500
216,lebu,-37.6167,-73.65,60.26,72,100,12.1,CL,1744234501
217,argo,37.6333,22.7333,47.3,74,8,2.15,GR,1744234502
218,faya-largeau,17.9257,19.1043,83.32,22,4,25.23,TD,1744234503
219,orlu,5.7946,7.035,79.02,84,98,7.05,NG,1744234504
220,ljusdal,61.8288,16.0913,32.63,53,33,9.46,SE,1744234506
221,abepura,-2.6333,140.5833,76.01,100,40,1.14,ID,1744234507
222,ma'rib,15.4591,45.3253,71.82,18,5,2.19,YE,1744234508
223,kristiansund,63.1115,7.732,38.05,65,100,6.91,NO,1744234510
224,coquimbo,-29.9533,-71.3436,65.93,75,20,9.22,CL,1744234511
225,ketchikan,55.3422,-131.6461,49.33,71,75,16.11,US,1744234512
226,mammoth lakes,37.6485,-118.9721,65.26,11,0,10.36,US,1744234513
227,konarka,19.9,86.1167,78.71,80,49,7.18,IN,1744234514
228,san antonio de pale,-1.4014,5.6325,81.57,76,37,12.62,GQ,1744234515
229,tosontsengel,48.7567,98.2839,25.3,85,41,4.61,MN,1744234517
230,susuman,62.7833,148.1667,21.54,95,100,2.17,RU,1744234518
231,tabas,33.5959,56.9244,74.55,21,0,2.82,IR,1744234273
232,carnarvon,-24.8667,113.6333,76.68,51,0,17.16,AU,1744234522
233,val-d'or,48.1002,-77.7828,32.09,25,20,14.97,CA,1744234523
234,byron bay,-28.65,153.6167,66.18,91,62,9.33,AU,1744234524
235,terra nova,-12.3667,-40.6667,77.0,61,65,3.8,BR,1744234525
236,auki,-8.7676,160.7034,82.27,79,97,1.25,SB,1744234529
237,mwinilunga,-11.7358,24.4293,63.64,92,13,1.59,ZM,1744234442
238,knyaze-volkonskoye,48.4642,135.4567,30.54,63,16,9.82,RU,1744234531
239,kapa'a,22.0752,-159.319,71.92,89,100,17.27,US,1744234533
240,lazaro cardenas,17.9583,-102.2,83.25,52,28,13.65,MX,1744234534
241,daru,-9.0763,143.2092,78.49,91,98,6.08,PG,1744234535
242,dryden,49.7833,-92.7503,44.89,33,0,8.05,CA,1744234536
243,utrik,11.2278,169.8474,80.74,81,29,19.62,MH,1744234537
244,sisimiut,66.9395,-53.6735,27.14,85,91,4.52,GL,1744234539
245,feijo,-8.1642,-70.3536,79.41,87,100,2.95,BR,1744234540
246,pierre,44.3683,-100.351,70.72,21,0,21.85,US,1744234497
247,takoradi,4.8845,-1.7554,79.84,82,100,6.33,GH,1744234543
248,shalqar,47.8333,59.6,62.56,53,52,13.31,KZ,1744234544
249,maracay,10.2469,-67.5958,86.67,63,100,3.65,VE,1744234545
250,newman,37.3138,-121.0208,80.06,44,10,7.0,US,1744234418
251,prince rupert,54.3161,-130.3201,50.09,64,0,20.71,CA,1744234254
252,pacific grove,36.6177,-121.9166,71.28,77,0,10.36,US,1744234549
253,musoma,-1.5,33.8,66.52,92,91,7.9,TZ,1744234550
254,torghay,49.6339,63.4981,64.06,60,98,24.87,KZ,1744234552
255,kostomuksha,64.571,30.5767,19.26,80,100,14.12,RU,1744234553
256,sikonge,-5.6333,32.7667,68.68,83,64,3.04,TZ,1744234554
257,el calafate,-50.3408,-72.2768,52.68,73,58,9.71,AR,1744234555
258,dalandzadgad,43.5708,104.425,47.26,41,86,10.25,MN,1744234556
259,ust'-ilimsk,58.0006,102.6619,19.63,94,100,7.14,RU,1744234558
260,oyama,36.3,139.8,57.0,66,100,2.57,JP,1744234559
261,funafuti,-8.5243,179.1942,80.6,89,100,12.66,TV,1744234560
262,malvan,16.0667,73.4667,79.97,81,12,2.53,IN,1744234561
263,kurchatov,51.6601,35.6521,29.21,71,86,8.72,RU,1744234562
264,fuxin,42.0156,121.6589,42.8,74,54,6.89,CN,1744234564
265,alice springs,-23.7,133.8833,56.75,88,14,0.0,AU,1744234286
266,cameta,-2.2444,-49.4958,76.75,92,100,7.23,BR,1744234566
267,broome,42.2506,-75.833,45.66,32,0,5.99,US,1744234567
268,fale old settlement,-9.3852,-171.2468,82.45,74,100,6.93,TK,1744234569
269,riviere-du-loup,47.8304,-69.5342,32.88,55,100,9.22,CA,1744234570
270,jiuquan,39.7432,98.5174,49.28,42,100,1.1,CN,1744234571
271,miracema do tocantins,-9.5618,-48.3967,80.1,79,50,1.63,BR,1744234572
272,iskateley,67.6803,53.1512,26.85,96,100,10.45,RU,1744234574
273,devils lake,48.1128,-98.8651,53.58,66,75,14.97,US,1744234575
274,pochinki,54.6988,44.8668,31.51,72,25,9.46,RU,1744234576
275,ape,57.5393,26.6929,27.77,71,34,10.89,LV,1744234577
276,nadym,65.5333,72.5167,17.26,92,100,26.19,RU,1744234578
277,naze,28.3667,129.4833,63.52,69,100,7.81,JP,1744234453
278,bardai,11.65,7.2333,88.03,21,99,6.13,NG,1744234581
279,boden,65.8252,21.6886,23.14,72,91,4.34,SE,1744234488
280,tan-tan,28.438,-11.1032,65.39,71,100,2.86,MA,1744234583
281,mejit,10.2753,170.8646,80.91,80,59,20.13,MH,1744234585
282,shingu,33.7333,135.9833,58.06,70,86,1.97,JP,1744234586
283,thompson,55.7435,-97.8558,44.76,24,75,3.44,CA,1744234537
284,weno,7.4515,151.8468,82.71,78,72,13.58,FM,1744234589
285,santa ana,33.7456,-117.8678,84.69,44,2,5.01,US,1744234590
286,satka,55.0425,59.04,40.73,88,100,4.65,RU,1744234591
287,el galpon,-25.3807,-64.6526,69.49,61,0,5.21,AR,1744234564
288,yeed,4.55,43.0333,83.35,52,20,10.63,SO,1744234594
289,egilsstadir,65.2653,-14.3948,48.11,71,0,11.5,IS,1744234596
290,kaohsiung,22.6163,120.3133,75.15,83,40,1.14,TW,1744234597
291,san patricio,28.017,-97.5169,84.15,46,0,15.5,US,1744234598
292,konya,38.1667,32.5,29.68,87,100,15.59,TR,1744234398
293,karatau,43.1667,70.4667,53.19,61,100,2.19,KZ,1744234600
294,duba,27.3513,35.6901,76.62,67,1,7.87,SA,1744234602
295,port lincoln,-34.7333,135.8667,71.87,44,15,17.0,AU,1744234603
296,tura,25.5198,90.2201,72.27,66,1,2.95,IN,1744234604
297,constantia,44.1833,28.65,34.7,79,91,5.57,RO,1744234606
298,fada,7.25,4.0667,76.26,96,100,1.7,NG,1744234607
299,nar'yan-mar,67.6713,53.087,26.78,96,100,10.45,RU,1744234609
300,urzhar,47.093,81.6294,45.73,73,0,8.34,KZ,1744234610
301,la sarre,48.8002,-79.1996,27.84,80,99,8.61,CA,1744234611
302,crane,31.3974,-102.3501,88.5,8,0,8.9,US,1744234614
303,valparaiso,-33.0393,-71.6273,64.0,80,100,8.05,CL,1744234337
304,dauphin,51.1494,-100.0502,36.86,100,100,3.78,CA,1744234617
305,faaborg,55.0951,10.2423,39.63,89,91,4.9,DK,1744234619
306,vilyuysk,63.7553,121.6247,-5.21,100,87,2.37,RU,1744234620
307,ulladulla,-35.35,150.4667,63.61,79,96,6.2,AU,1744234622
308,port hedland,-20.3167,118.5667,82.45,74,77,8.05,AU,1744234623
309,kayangel,8.0823,134.7173,82.51,77,86,11.86,PW,1744234624
310,framingham center,42.2973,-71.437,48.04,30,6,1.99,US,1744234625
311,kharkhorin,47.1975,102.8238,39.51,45,24,6.78,MN,1744234627
312,avanigadda,16.0215,80.9181,79.95,84,40,2.3,IN,1744234628
313,bac lieu,9.285,105.7244,79.14,85,99,6.78,VN,1744234629
314,acarau,-2.8856,-40.12,78.73,87,90,8.25,BR,1744234633
315,khilok,51.3674,110.4676,27.28,89,99,3.15,RU,1744234634
316,sinop,41.7711,34.8709,29.26,86,92,4.9,TR,1744234637
317,port augusta,-32.5,137.7667,66.72,39,10,6.53,AU,1744234638
318,rantepao,-2.9701,119.8978,66.67,98,100,1.25,ID,1744234639
319,lonavla,18.75,73.4167,73.49,65,3,3.04,IN,1744234641
320,mabaruma,8.2,-59.7833,78.53,82,100,4.59,GY,1744234643
321,brigantine,39.4101,-74.3646,50.14,58,0,18.99,US,1744234644
322,port douglas,-16.4833,145.4667,78.26,75,100,16.04,AU,1744234645
323,minab,27.1467,57.0801,78.06,55,0,2.71,IR,1744234647
324,petropavlovsk-kamchatsky,53.0452,158.6483,30.79,64,75,6.71,RU,1744234648
325,trinity beach,-16.7888,145.6968,76.89,69,83,17.27,AU,1744234649
326,severobaykal'sk,55.65,109.3167,16.56,83,100,4.52,RU,1744234651
327,camana,-16.6228,-72.7111,72.09,77,2,5.66,PE,1744234544
328,wrzesnia,52.3251,17.5652,46.06,70,100,18.25,PL,1744234653
329,yakeshi,49.2833,120.7333,34.54,64,55,5.97,CN,1744234655
330,xuanzhou,30.9525,118.7553,63.93,63,100,1.77,CN,1744234656
331,muli,2.9167,73.5667,82.04,72,100,17.27,MV,1744234657
332,stephenville,32.2207,-98.2023,89.15,23,0,10.0,US,1744234655
333,kidal,18.4411,1.4078,85.32,8,60,9.73,ML,1744234659
334,arvayheer,46.2639,102.775,36.88,38,13,8.03,MN,1744234661
335,kouango,4.9934,19.9619,79.05,64,46,1.97,CF,1744234662
336,peace river,56.2501,-117.286,59.31,28,0,18.41,CA,1744234663
337,ao luek,8.378,98.7212,76.53,92,100,0.89,TH,1744234665
338,tejen,37.3834,60.5054,72.12,40,0,8.75,TM,1744234667
339,tidjikja,18.5564,-11.4271,88.09,13,15,7.14,MR,1744234668
340,beloretsk,53.9631,58.3981,41.74,90,99,2.44,RU,1744234670
341,buala,-8.145,159.5921,83.5,76,96,5.93,SB,1744234672
342,sumenep,-7.0167,113.8667,78.26,85,49,2.82,ID,1744234675
343,geraldton,-28.7667,114.6,61.21,82,0,11.5,AU,1744234676
344,nebbi,2.4783,31.0889,70.48,81,94,4.34,UG,1744234677
345,east london,-33.0153,27.9116,68.13,80,51,18.97,ZA,1744234678
346,ouarzazat,30.9189,-6.8934,62.89,55,75,11.5,MA,1744234679
347,lompoc,34.6391,-120.4579,72.01,59,0,14.97,US,1744234596
348,bou arada,36.3525,9.6218,54.52,89,13,5.41,TN,1744234682
349,trincomalee,8.5711,81.2335,79.54,85,89,13.98,LK,1744234684
350,saint-philippe,-21.3585,55.7679,79.61,82,21,2.19,RE,1744234685
351,mandalgarh,25.2,75.1,83.28,14,5,12.37,IN,1744234686
352,petawawa,45.9001,-77.3328,36.99,33,75,9.22,CA,1744234688
353,arraial do cabo,-22.9661,-42.0278,78.66,73,0,11.5,BR,1744234465
354,mildura,-34.2,142.15,64.22,38,16,4.54,AU,1744234691
355,mansa,29.9833,75.3833,80.51,20,79,3.91,IN,1744234692
356,mount pearl,47.5166,-52.7813,37.15,75,75,17.27,CA,1744234472
357,labytnangi,66.6572,66.4183,22.15,96,100,14.05,RU,1744234695
358,sarina,-21.4333,149.2167,73.62,85,40,8.72,AU,1744234696
359,dadukou,26.5479,101.7054,61.83,51,0,1.86,CN,1744234699
360,vernon,50.2581,-119.2691,60.93,36,100,2.3,CA,1744234701
361,rohru,31.2167,77.75,55.47,51,18,3.98,IN,1744234702
362,luis correia,-2.8792,-41.6669,80.6,78,75,4.61,BR,1744234704
363,as sulayyil,20.4607,45.5779,81.05,18,3,6.11,SA,1744234705
364,ar ruseris,11.8659,34.3869,89.47,41,17,8.59,SD,1744234707
365,ugoofaaru,5.6667,73.0,83.34,76,100,18.3,MV,1744234708
366,fortuna,40.5982,-124.1573,64.92,72,0,14.97,US,1744234710
367,tarakan,3.3,117.6333,78.3,94,75,1.14,ID,1744234711
368,salinas,36.6777,-121.6555,72.07,65,0,13.8,US,1744234702
369,puerto lempira,15.2667,-83.7667,80.74,78,75,10.36,HN,1744234713
370,northam,51.0333,-4.2167,43.48,84,0,6.87,GB,1744234714
371,horta,38.5333,-28.6333,59.02,83,40,18.41,PT,1744234716
372,villa gesell,-37.2639,-56.973,64.78,79,3,18.72,AR,1744234718
373,sur,22.5667,59.5289,83.98,34,0,5.57,OM,1744234719
374,conception bay south,47.4999,-52.9981,37.74,76,75,17.11,CA,1744234720
375,tomatlan,19.9333,-105.25,87.6,37,1,11.59,MX,1744234725
376,kununurra,-15.7667,128.7333,73.38,88,98,0.0,AU,1744234728
377,key west,24.5557,-81.7826,77.0,57,40,17.27,US,1744234632
378,ashgabat,37.95,58.3833,64.26,52,0,4.61,TM,1744234621
379,parun,35.4207,70.9221,35.73,73,93,10.36,AF,1744234731
380,majene,-3.5403,118.9707,75.9,89,100,3.31,ID,1744234733
381,les cayes,18.2,-73.75,80.69,70,9,7.74,HT,1744234735
382,fort mcmurray,56.7268,-111.381,58.59,44,0,5.75,CA,1744234737
383,vorkuta,67.5,64.0,17.02,82,93,13.4,RU,1744234738
384,quepos,9.4236,-84.1652,85.12,70,94,5.14,CR,1744234739
385,viamao,-30.0811,-51.0233,74.39,81,40,6.91,BR,1744234741
386,tumpat,6.1978,102.171,75.18,94,20,2.3,MY,1744234742
387,chibougamau,49.9168,-74.3659,24.42,33,0,12.66,CA,1744234744
388,bayganin,48.6947,55.8742,59.07,62,52,6.85,KZ,1744234745
389,maceio,-9.6658,-35.7353,80.04,83,20,6.91,BR,1744234557
390,surgeres,46.1,-0.75,54.12,62,0,11.68,FR,1744234748
391,kotlas,61.2611,46.6556,27.45,89,100,9.89,RU,1744234750
392,polyarnyy,69.1989,33.4478,21.7,83,100,27.72,RU,1744234751
393,goba,7.0167,39.9833,50.43,36,7,5.19,ET,1744234754
394,dhuusamarreeb,5.535,46.3861,80.91,65,47,13.53,SO,1744234756
395,yulinshi,38.2906,109.7494,48.78,33,3,5.82,CN,1744234758
396,salaberry-de-valleyfield,45.2501,-74.1325,37.74,46,72,11.5,CA,1744234762
397,mersing,2.4312,103.8405,75.11,94,20,4.61,MY,1744234763
398,hasaki,35.7333,140.8333,59.81,70,95,16.44,JP,1744234764
399,dhalie,13.6957,44.7314,67.64,46,7,1.12,YE,1744234765
400,sinabang,2.4803,96.3801,78.26,85,100,1.05,ID,1744234767
401,bubaque,11.2833,-15.8333,75.65,69,99,15.61,GW,1744234768
402,ariquemes,-9.9133,-63.0408,78.62,89,100,3.76,BR,1744234769
403,kuching,1.55,110.3333,78.1,99,20,1.01,MY,1744234764
404,bonthe,7.5264,-12.505,79.21,86,63,5.14,SL,1744234772
405,kardla,58.9978,22.7492,35.58,55,20,13.8,EE,1744234773
406,ihosy,-22.4,46.1167,67.32,76,25,1.92,MG,1744234545
407,isangel,-19.55,169.2667,78.91,78,75,9.22,VU,1744234779
408,lahaina,20.8783,-156.6825,82.0,71,10,11.95,US,1744234723
409,el granada,37.5027,-122.4694,67.32,75,0,16.11,US,1744234781
410,zaozersk,69.4005,32.4476,18.25,89,100,17.85,RU,1744234782
411,tezu,27.9167,96.1667,71.92,43,4,3.8,IN,1744234784
412,bawku,11.0616,-0.2417,93.61,30,99,6.64,GH,1744234785
413,castillos,-34.1667,-53.8333,63.48,95,100,10.56,UY,1744234786
414,jiwani,25.05,61.7417,78.4,86,6,6.76,PK,1744234788
415,mananjary,-21.2167,48.3333,75.07,91,82,4.05,MG,1744234790
416,trenggalek,-8.05,111.7167,78.67,95,82,1.25,ID,1744234792
417,rustington,50.8103,-0.5067,46.22,81,2,11.79,GB,1744234795
418,fargo,46.8772,-96.7898,60.78,47,40,25.32,US,1744234524
419,ujae,8.9322,165.7642,81.72,79,40,17.94,MH,1744234798
420,vallegrande,-18.4897,-64.1069,60.17,86,92,3.71,BO,1744234632
421,verkhnevilyuysk,63.4453,120.3167,-5.39,100,93,3.62,RU,1744234801
422,puntarenas,9.9763,-84.8384,91.15,50,96,5.84,CR,1744234803
423,acheng,45.5454,126.977,46.78,63,66,17.25,CN,1744234805
424,maxixe,-23.8597,35.3472,78.78,88,98,5.64,MZ,1744234806
425,hilo,19.7297,-155.09,80.24,69,75,6.91,US,1744234766
426,khorixas,-20.3667,14.9667,66.65,69,3,4.85,NA,1744234810
427,doka,13.5167,35.7667,91.51,27,94,4.72,SD,1744234811
428,cabo san lucas,22.8909,-109.9124,82.71,34,0,13.8,MX,1744234681
429,buka,40.8108,69.1986,62.71,58,100,6.55,UZ,1744234815
430,richards bay,-28.783,32.0377,72.86,85,53,7.43,ZA,1744234816
431,belyy yar,53.6039,91.3903,28.29,80,40,13.42,RU,1744234819
432,cam pha mines,21.0167,107.3,71.22,92,98,0.58,VN,1744234821
433,plastun,44.7561,136.2939,46.35,63,100,4.29,RU,1744234822
434,port blair,11.6667,92.75,80.91,81,98,4.65,IN,1744234823
435,rechytsa,52.3617,30.3916,33.84,90,100,15.32,BY,1744234825
436,ishigaki,24.3448,124.1572,73.53,83,75,9.22,JP,1744234827
437,queenstown,-31.8976,26.8753,57.15,85,76,2.8,ZA,1744234828
438,kirensk,57.7853,108.1119,19.0,96,95,1.74,RU,1744234830
439,ain kercha,35.9247,6.6953,61.41,39,52,7.74,DZ,1744234833
440,baise city,23.8997,106.6133,71.87,89,86,1.39,CN,1744234834
441,genhe,50.7833,121.5167,29.3,77,59,9.78,CN,1744234836
442,yichang,30.7144,111.2847,65.86,80,99,2.64,CN,1744234839
443,chonchi,-42.6128,-73.8092,51.75,96,100,3.76,CL,1744234840
444,sivrice,38.4482,39.3084,47.41,58,40,6.91,TR,1744234842
445,cidreira,-30.1811,-50.2056,72.75,83,10,16.02,BR,1744234844
446,kone,-21.0595,164.8658,79.25,80,99,4.54,NC,1744234845
447,kapuskasing,49.4169,-82.4331,35.69,25,20,12.66,CA,1744234644
448,lockwood,45.8191,-108.4149,63.41,25,40,21.85,US,1744234849
449,lyantor,61.6195,72.1555,29.41,93,100,27.2,RU,1744234850
450,gofitskoye,45.0792,43.0464,34.02,100,100,1.23,RU,1744234851
451,ha'il,27.5219,41.6907,73.42,43,0,2.3,SA,1744234852
452,marsh harbour,26.5412,-77.0636,73.76,80,23,13.96,BS,1744234854
453,iwaki,37.05,140.8833,53.01,80,95,7.07,JP,1744234855
454,maraba,-5.3686,-49.1178,80.78,89,75,2.3,BR,1744234856
455,banda aceh,5.5577,95.3222,79.92,82,98,11.25,ID,1744234858
456,novodvinsk,64.4165,40.8122,26.35,94,100,7.49,RU,1744234859
457,ceeldheer,3.8488,47.1806,82.76,71,64,9.78,SO,1744234860
458,outjo,-20.1167,16.15,65.8,56,3,5.08,NA,1744234861
459,itamaraca,-7.7478,-34.8256,79.83,80,39,7.49,BR,1744234862
460,la passe,45.5549,-0.8967,55.27,67,0,15.46,FR,1744234863
461,port macquarie,-31.4333,152.9167,62.08,99,92,1.99,AU,1744234866
462,ebon,4.582,168.6964,81.99,83,82,16.84,MH,1744234867
463,altai,46.3722,96.2583,32.27,99,100,1.66,MN,1744234868
464,piti village,13.4626,144.6933,82.31,82,0,9.22,GU,1744234869
465,sorong,-0.8833,131.25,80.02,83,100,1.03,ID,1744234870
466,beyneu,45.3167,55.2,64.27,56,100,10.42,KZ,1744234871
467,kokshetau,53.2775,69.3883,51.55,80,73,9.82,KZ,1744234872
468,wenling,28.3669,121.36,60.08,91,100,2.62,CN,1744234874
469,isla del bosque,22.7333,-105.85,78.76,50,0,13.31,MX,1744234875
470,touros,-5.1989,-35.4608,81.66,79,99,11.3,BR,1744234876
471,brisas de zicatela,15.8369,-97.0419,86.52,74,20,11.5,MX,1744234877
472,berezovo,63.9381,65.0419,32.76,96,100,12.19,RU,1744234878
473,acapulco de juarez,16.8634,-99.8901,85.82,62,40,12.66,MX,1744234861
474,camacupa,-12.0167,17.4833,64.13,96,100,2.42,AO,1744234880
475,tyukhtet,56.5389,89.3011,25.86,81,68,5.17,RU,1744234882
476,puerto baquerizo moreno,-0.9,-89.6,85.19,70,40,5.75,EC,1744234883
477,palafrugell,41.9174,3.1631,58.77,67,87,4.81,ES,1744234884
478,callao,-12.0667,-77.15,75.49,69,0,5.75,PE,1744234612
479,mahibadhoo,3.7833,72.9667,82.08,73,100,12.91,MV,1744234886
480,fort st. john,56.2499,-120.8529,55.29,24,40,14.97,CA,1744234737
481,baotou,40.6522,109.8222,46.4,35,55,4.83,CN,1744234889
482,harper,4.375,-7.7169,80.92,86,81,7.54,LR,1744234890
483,santa cruz,-17.8,-63.1667,80.06,57,75,6.91,BO,1744234592
484,jinan,36.6683,116.9972,58.57,43,0,2.89,CN,1744234892
485,greenville,35.6127,-77.3663,60.13,43,0,4.61,US,1744234893
486,cidade velha,14.9167,-23.6167,72.07,73,20,10.36,CV,1744234895
487,buga,3.9009,-76.2978,74.71,84,100,2.59,CO,1744234896
488,nishinoomote,30.7333,131.0,65.61,79,100,14.45,JP,1744234897
489,havre,49.5833,0.3333,45.0,87,0,16.11,FR,1744234898
490,ventspils,57.3894,21.5606,33.73,69,0,17.27,LV,1744234899
491,sena madureira,-9.0656,-68.6569,80.56,79,91,1.79,BR,1744234900
492,fort bragg,35.139,-79.006,63.68,37,0,1.99,US,1744234902
493,dakhla,23.6848,-15.958,68.02,77,40,6.91,EH,1744234903
494,sitia,35.2,26.0986,52.09,67,89,24.25,GR,1744234904
495,pacasmayo,-7.4006,-79.5714,73.9,72,65,13.15,PE,1744234905
496,idri,27.5,13.2667,63.19,29,0,8.79,LY,1744234906
497,ridder,50.355,83.5133,39.78,92,72,3.78,KZ,1744234907
498,coronel dorrego,-38.7187,-61.2873,65.48,60,81,7.96,AR,1744234908
499,maun,-19.9833,23.4167,67.96,100,75,11.5,BW,1744234909
500,wynyard,-41.0,145.7167,59.18,83,96,1.99,AU,1744234911
501,pandan,14.0453,124.1694,79.34,77,100,5.95,PH,1744234912
502,tselinnoye,53.0833,85.6667,36.7,84,77,6.51,RU,1744234914
503,haikou,20.0458,110.3417,73.53,94,40,2.24,CN,1744234915
504,cabedelo,-6.9811,-34.8339,81.27,79,97,9.19,BR,1744234678
505,atherton,53.5237,-2.4935,45.9,75,7,1.99,GB,1744234667
506,igarka,67.4667,86.5833,-17.63,100,82,1.32,RU,1744234919
507,natal,-5.795,-35.2094,84.42,74,75,11.5,BR,1744234769
508,mariental,-24.6333,17.9667,70.38,37,0,6.85,NA,1744234921
509,tanguieta,10.6212,1.2665,88.61,36,97,4.03,BJ,1744234922
510,kani keli,-12.9536,45.1033,79.86,70,1,1.79,YT,1744234923
511,tsumeb,-19.2333,17.7167,72.23,59,90,6.04,NA,1744234924
512,bizhbulyak,53.6967,54.2642,34.92,83,100,3.62,RU,1744234925
513,pearsall,28.8922,-99.095,85.75,22,0,12.41,US,1744234927
514,christchurch,-43.5333,172.6333,59.04,68,0,1.72,NZ,1744234926
515,san luis de la loma,17.2706,-100.8939,85.48,54,11,11.36,MX,1744234929
516,sawakin,19.1059,37.3321,81.3,67,10,5.12,SD,1744234930
517,zhezqazghan,47.7833,67.7667,55.72,63,100,8.79,KZ,1744234729
518,narragansett,41.4501,-71.4495,46.29,45,0,14.97,US,1744234932
519,nahavand,34.1885,48.377,55.53,41,0,5.79,IR,1744234933
520,charters towers,-20.1,146.2667,70.02,74,0,13.18,AU,1744234936
521,pisco,-13.7,-76.2167,73.45,68,0,17.27,PE,1744234871
522,sao vicente,-23.9631,-46.3919,78.01,81,100,1.99,BR,1744234938
523,trujillo,-8.116,-79.03,67.96,83,75,10.36,PE,1744234766
524,mbanza kongo,-6.267,14.2401,70.75,99,100,3.94,AO,1744234940
525,barra de santo antonio,-9.4047,-35.5072,80.08,80,9,10.45,BR,1744234941
526,campbellsville,37.3434,-85.3419,62.04,29,65,7.14,US,1744234938
527,luderitz,-26.6481,15.1594,64.31,78,0,6.8,NA,1744234945
528,anloga,5.7947,0.8973,82.99,78,100,10.25,GH,1744234946
529,arambol,15.6868,73.7045,79.54,84,38,2.51,IN,1744234947
530,nieuw amsterdam,5.8833,-55.0833,78.51,88,98,11.41,SR,1744234948
531,trumann,35.6737,-90.5073,70.92,51,1,13.8,US,1744234949
532,eagle mountain,40.3141,-112.0069,69.73,27,35,8.99,US,1744234741
533,buy,58.4786,41.53,26.91,91,100,12.82,RU,1744234952
534,sherbakul',54.6316,72.3963,50.86,83,83,8.84,RU,1744234953
535,chake chake,-5.2459,39.7666,79.92,85,46,8.23,TZ,1744234954
536,chernushka,56.5072,56.0766,33.51,82,60,5.84,RU,1744234955
537,zionsville,39.9509,-86.2619,44.55,71,100,9.22,US,1744234827
538,whangarei,-35.7317,174.3239,63.75,59,9,4.79,NZ,1744234957
539,remire-montjoly,4.9167,-52.2667,82.44,78,20,9.22,GF,1744234959
540,poronaysk,49.2167,143.1167,31.64,99,100,6.26,RU,1744234960
541,san lorenzo de esmeraldas,1.2883,-78.8369,81.0,81,92,6.29,EC,1744234961
542,ahar,38.4774,47.0699,53.26,83,73,5.84,IR,1744234962
543,mon,26.75,95.1,66.97,59,7,4.09,IN,1744234963
544,gladstone,-23.85,151.25,73.78,68,17,11.5,AU,1744234964
545,porbandar,21.6422,69.6093,78.73,73,8,11.68,IN,1744234965
546,atar,20.5169,-13.0499,84.72,27,0,5.32,MR,1744234967
547,puerto armuelles,8.2833,-82.8667,83.08,83,65,1.01,PA,1744234968
548,bagamoyo,-6.4333,38.9,75.7,93,48,4.21,TZ,1744234969
549,kolonia town,6.964,158.206,84.31,78,100,11.5,FM,1744234970
550,archangelos,36.2149,28.1149,51.78,51,2,19.86,GR,1744234971
551,nyurba,63.2842,118.3319,-10.34,100,92,2.17,RU,1744234972
552,usinsk,65.9939,57.5281,29.46,94,99,22.44,RU,1744234973
553,mil'kovo,55.6078,37.7956,30.31,66,98,10.89,RU,1744234975
554,carutapera,-1.195,-46.02,73.98,96,100,3.22,BR,1744234976
555,chicoana,-25.1009,-65.5331,68.05,60,11,4.38,AR,1744234978
556,humaita,-7.5061,-63.0208,78.01,94,66,3.2,BR,1744234979
557,parvatipuram,18.7833,83.4333,77.27,81,61,0.87,IN,1744234980
558,benjamin constant,-4.3831,-70.0311,82.53,83,20,3.44,BR,1744234982
559,mutoko,-17.397,32.2268,71.02,55,67,1.28,ZW,1744234983
560,pimentel,-6.8367,-79.9342,82.69,51,0,17.27,PE,1744234984
561,kabala,9.5833,-11.55,70.23,92,100,3.33,SL,1744234986
562,guarapari,-20.6667,-40.4975,75.87,84,61,9.01,BR,1744234987
563,oroqen zizhiqi,50.5667,123.7167,31.75,88,45,4.23,CN,1744234989
564,downpatrick,54.3263,-5.7035,42.75,82,34,1.59,GB,1744234990
565,sandnessjoen,66.0217,12.6316,32.41,86,100,5.75,NO,1744234962
566,suntar,62.1444,117.6319,-2.07,100,76,3.4,RU,1744234992
567,coahuayana de hidalgo,18.7,-103.6583,86.34,45,1,7.27,MX,1744234993
568,mombetsu,44.3525,143.3525,43.59,73,20,3.0,JP,1744234994
569,praia,14.9215,-23.5087,72.14,73,20,10.36,CV,1744234995
570,hede,33.7681,120.2517,50.31,84,1,6.82,CN,1744234996
571,apace,46.6972,15.9106,46.62,75,83,1.99,SI,1744234998
572,cacheu,12.2706,-16.1658,72.37,62,28,6.64,GW,1744235000
573,baki,-7.6128,110.7839,79.65,93,98,0.36,ID,1744235001
574,huilong,31.8111,121.655,58.71,81,100,2.71,CN,1744235002
